Date,Poster_Name,Post_Title,Link,Content
2018-04-08 11:37:52,rolltidebae,23[F4MM+] 20005 in June,https://www.reddit.com/r/BaltimoreAndDCr4r/comments/8aok2n/23f4mm_20005_in_june/,I‚Äôll be visiting DC for a week in June. I‚Äôd love to find a couple (or more!) guys for some group fun in my hotel room. Bi/curious guys preferred 
2018-04-05 19:07:04,nsfldmv,25 [F4M] 22314/20657 - FwB anyone?,https://www.reddit.com/r/BaltimoreAndDCr4r/comments/8a0h2i/25_f4m_2231420657_fwb_anyone/,"I travel frequently for work between NoVA and SoMD and it makes dating impossible. 

ISO an attractive, like-minded, clean cutie to hangout with. We can meet for drinks or something platonic first to make sure we get along. I‚Äôm hoping this would be a fairly regular exchange, since hunting for new people to be with is a pain. 

I‚Äôm willing to share pics via messages due to my job, but I‚Äôm short, curvy (hwp - not obese), red/auburn hair, blue eyes. 

If you like big butts and you cannot lie, message me a FACE pic and something nice about you üòâ"
2018-04-04 21:22:51,Bgordon0880,24 25 [MF4M/F] 20190 looking for a third tonight,https://www.reddit.com/r/BaltimoreAndDCr4r/comments/89riij/24_25_mf4mf_20190_looking_for_a_third_tonight/,"
Looking for a third to join us. Send PM with pic, age, and location.

Male: 25 athletic build 5‚Äô9 white

Female: 24 mixed fit"
2018-04-04 07:44:18,_throwaway8157,"[MF4MF] 36 And 38 21114 geeky, chubby, and need some play partners for board games and sexy fun.",https://www.reddit.com/r/BaltimoreAndDCr4r/comments/89m1ec/mf4mf_36_and_38_21114_geeky_chubby_and_need_some/,"My wife and I have been trying to find a cool swing couple who likes to have fun geeky times. Message us if you‚Äôre into board games, D&D, super hero movies, and/or sexy play. "
2018-04-02 02:35:05,annapolisr4ryup,27 [F4M] 21144 - Severn Area - Clingy girl seeks clingy guy,https://www.reddit.com/r/BaltimoreAndDCr4r/comments/88ump3/27_f4m_21144_severn_area_clingy_girl_seeks_clingy/,"Sort of a joke, sort of not


I‚Äôve tried the tinder thing but it feels like everything is lacking passion and excitement. I want to meet someone who is free multiple nights a week, not just once every other weekend or so. 


I want to watch TV, cuddle, and fall asleep together. Sleeping alone sucks. Let‚Äôs stay up on the nights we don‚Äôt have to be up early and talk about everything.


I‚Äôm not against intimacy if the attraction is there. Let‚Äôs be best friends! 

Please reply with a picture "
2018-04-01 03:26:34,FaceSitTheFacts,35 [F4MF] 20003 Looking For a Nice Couple to Fuck Me Like a Dirty Slut!,https://www.reddit.com/r/BaltimoreAndDCr4r/comments/88mldg/35_f4mf_20003_looking_for_a_nice_couple_to_fuck/,"BLUF:

**Kinky PAWG wants to be fucked by a nice couple.**

I'm caucasian, curvy, pale, and very comfortable with both men and women. I live in DC but will travel to NOVA or Southern Maryland for the right invitation.

PM me with your details (and a pic if comfortable)! 

PS: No Kik, one liners, or single men!"
2018-03-29 07:17:08,subfordaddydmv,30 [F4M] 20005 - looking for the right man to help me become the best little submissive,https://www.reddit.com/r/BaltimoreAndDCr4r/comments/87y2q2/30_f4m_20005_looking_for_the_right_man_to_help_me/,"30 year old single white female looking for a man my age or older to teach me everything I need to know about being submissive. I‚Äôm a polite and refined young woman, petite but with a curvy hourglass figure. 

I‚Äôm looking for the perfect fit so I‚Äôm prepared to be picky. The ideal dom for me will teach me how to please him, spank me when I‚Äôve misbehaved, give me the rough sex I crave, but above all won‚Äôt be an asshole :) 

Message me if you think you‚Äôd be a good fit. Prefer to verify on kik."
2018-03-20 11:06:27,newgirl20009,30 [F4M] curvy white girl really into brown guys - 20009,https://www.reddit.com/r/BaltimoreAndDCr4r/comments/85qs2w/30_f4m_curvy_white_girl_really_into_brown_guys/,"I saw a similar post and am curious if I might find someone here. I‚Äôm a petite (5‚Äô2‚Äù) but curvy white girl who is really attracted to American men of South Asian /Middle Eastern descent. A good beard really gets me going :)

If you‚Äôd be interested in chatting more, send me a message. "
2018-03-07 04:41:52,sleeptherapy,26 [F4M] Looking for someone to trip with 21146,https://www.reddit.com/r/BaltimoreAndDCr4r/comments/82kjkr/26_f4m_looking_for_someone_to_trip_with_21146/,West coast transplant looking for someone to trip with or even just chill. I have a great laugh and love to use it. 420 friendly and I love to hike. Show me a trail! It‚Äôs better in the cold!
2018-03-07 02:55:35,looklookedlooking,"[F4M] 30, Irish guy in Baltimore? 21202",https://www.reddit.com/r/BaltimoreAndDCr4r/comments/82jv2p/f4m_30_irish_guy_in_baltimore_21202/,"Me: Still want to bang.

You: From Ireland, visited for Christmas.

We were talking awhile back and I had to delete my account. "
2018-03-03 05:25:34,visiting_dc0324,"26 [MF4MF, MF4F, F4F]- visiting end of march 20001",https://www.reddit.com/r/BaltimoreAndDCr4r/comments/81lk7k/26_mf4mf_mf4f_f4f_visiting_end_of_march_20001/,"26 year old attractive couple, visiting end of march, looking for non attached fun at our sick hotel room. we are both in shape, with some experience, and we are def down to chill/party. "
2018-02-13 05:54:16,subprincess20,24 [MF4MF] 20002 Swinger House Party in DC,https://www.reddit.com/r/BaltimoreAndDCr4r/comments/7x6ckp/24_mf4mf_20002_swinger_house_party_in_dc/,"Hello fellow swingers in the DC, NOVA, and Maryland area! Many of you asked me after I posted a story last weekend about my first swinger party about where to find one. Good news! There is going to be another one of these same parties that I described on February 24th.


About the party:

Party is on Saturday February 24th.

It takes place at a private house in DC.

The party is from 9pm to 3am.

The party is for couples and single females only.


If you are interested in the party please contact the host of the party in one of these three ways:

Message Gabriel SMX on facebook

Email vanishing_culture@yahoo.com 

Message 202-486-7934


If you did not see the stories before here they are:

https://www.reddit.com/r/Swingers/comments/7vemcq/first_time_at_a_swinger_house_party/?utm_source=reddit-android

https://www.reddit.com/r/Swingers/comments/7vjsuh/first_time_at_a_swinger_house_party_part_2/?utm_source=reddit-android


If you have any other questions you may also message me but to get into the party you need to message the host in one of the ways listed above.

"
2018-02-11 04:45:48,SpareAbbreviations,27 [F4M] 20010 Rainy Day Netflix and Chill?,https://www.reddit.com/r/BaltimoreAndDCr4r/comments/7wpw25/27_f4m_20010_rainy_day_netflix_and_chill/,"Anyone up for ordering a pizza with a six pack and getting silly drunk trying to decipher the puzzles of life?

Wrap ourselves in tons of blankets and let our bodies keep each other warm? We'll scroll on Netflix for who knows how long to find something to watch, but let's be honest if we've made it this far we're probably more interested in each other's bodies. We'll make out and get tangled in the sheets, and then we can eat leftover cold pizza and watch an episode of Parks and Rec. 

Guess I'm looking for a friend with benefits but with an actual connection so would like a more on going thing. Always down for a happy hour, trying new restaurants, or live music. 

I live in DC and hopefully you do too or are close! DDF, but 420 friendly. Tell me about yourself and let's chat! 

edit:got pizza, but no one to eat it with. :("
2018-02-03 19:31:04,EndlessEscape821,35 [F4M] 21701 FWB,https://www.reddit.com/r/BaltimoreAndDCr4r/comments/7v0an8/35_f4m_21701_fwb/,"
I know I'm married but I want that guy that makes my heart flutter when I see his messages. I want to have a physical connection but I also want to have a mental connection when we are apart. I need more than the sex. I need a partner that isn't looking to change their situation and is available to send messages through out the day. I'm looking for someone with a slim frame between 30-40 in the same area as me so it is convenient to meet. Be willing to exchange pics after a few emails. "
2018-01-30 04:14:25,lola0903,22 [ F4M] 20002 just visiting!,https://www.reddit.com/r/BaltimoreAndDCr4r/comments/7txans/22_f4m_20002_just_visiting/,"Hello! I'm a 22 year old female who's going to be visiting the DC area in a few weeks. I am looking for someone to have fun with while I'm there and if it leads to something more then so be it. 

If you're interested in meeting up with me, don't hesitate to PM me."
2018-01-26 03:29:01,fwbthrowaway353,23 [F4M] 20763 Looking for a FWB,https://www.reddit.com/r/BaltimoreAndDCr4r/comments/7t0rta/23_f4m_20763_looking_for_a_fwb/,"Hi all!

As the title says, I am looking for a FWB. I'm in a scenario where I'm too busy for a real relationship at the moment, but I still have... needs. Anyway, shoot me a message if you're interested. Let's get to know each other and see if we click. Your picture gets mine!"
2018-01-25 03:28:41,sacu7789,28 [F4M] 22191 Woodbridge. Looking for FWB.,https://www.reddit.com/r/BaltimoreAndDCr4r/comments/7srvyy/28_f4m_22191_woodbridge_looking_for_fwb/,"Wife is looking for 420 friendly FWB. Woodbridge area NoVA. 
She's white 5'3"", 135lbs, fat booty. She's only interested in black men. Looking for someone who can actually hold a conversation, isn't pushy, and not shy with a camera.

She's only interested in black men. Thats all she likes. Dont even respond if you don't meet that requirement; you'll just get blocked for lack of reading comprehension."
2018-01-19 18:02:41,Reddit_user_here,32/31 [MF4M] 20151 | Couple looking to add 3rd in the bedroom. Bi guys preferred but not required.,https://www.reddit.com/r/BaltimoreAndDCr4r/comments/7riv6e/3231_mf4m_20151_couple_looking_to_add_3rd_in_the/,"Hello all! We are an early 30‚Äôs couple who have been together for 3.5 years and we‚Äôre looking for a guy to join our fun. 

She‚Äôs Latina, petite with perfect skin and a beautiful face. 

He‚Äôs white, tall and on the thin side. 

We are somewhat introverted but enjoy lots of sex and some kinks as well. Ideally the guy would be close by and could join us on occasion for some physical enjoyment. 

We‚Äôve never done this but have been dirty talking about it for over a year and we feel it‚Äôs time we act on our fantasy. 

We don‚Äôt have any hang ups on age or sexual preference. PM us if you think you may even be slightly interested and we can discuss further. We do have a Kik to get to know each other before phone numbers are given. 

Hope to hear from you! "
2018-01-16 05:07:25,RaceAgainstDawn,24 [F4M] 22307. Let's see how we connect. Yes? :),https://www.reddit.com/r/BaltimoreAndDCr4r/comments/7qp0jy/24_f4m_22307_lets_see_how_we_connect_yes/,"Hopefully this post doesn't fail. I have no idea what i'm doing.

Looking to connect with others. Open to friends, and with the right connection? Even more. Sapiosexual. Fet Friendly. Nerdy. Empathetic. Big smiles.

Feel free to send a message. I'm happy to send a photo. Please provide one as well.

I'd be open to meeting in person of course.

5'4 white brown haired freckled 24 year old female busty/currvy

Cheers"
2018-01-11 00:13:36,wetmyfeet,21 [F4M] In DC right at this moment in need of company 20003,https://www.reddit.com/r/BaltimoreAndDCr4r/comments/7pishq/21_f4m_in_dc_right_at_this_moment_in_need_of/,"I'm not from D.C. But a metro away from it. I'm in DC right **now** and really need of company, a friend, someone to grab drinks with abs talk to. and maybe fool around but that's a long shot it I like you. Im in a bookstore in Eastern Market right now but can metro where you wanna meet. Please help me. Thanks. "
2017-12-30 03:54:19,Giagardeniaxxx,28 [F4M or FM4M] hookup this weekend- 20190,https://www.reddit.com/r/BaltimoreAndDCr4r/comments/7myf5b/28_f4m_or_fm4m_hookup_this_weekend_20190/,"We're a fit, outgoing couple that is into MFM or solo hotwife. We both hit the gym a few times a week and are hwp, DDF, and white. By Reston Town Center and only looking for locals.

Mostly I'm into white or Latino guys 26-32 with dark features, but there's always exceptions. Not into bald and don't particularly care for bearded. Must be fit to muscular in physique. Don't care if you're single or attached.

Hit me up with a face pic & package pic and I'm happy to exchange pics as well

Xx, Gia"
2017-12-29 00:22:34,emptylongweekend,25 [F4M] 20001 I‚Äôve never kissed a blond boy and I‚Äôve never had a NYE date,https://www.reddit.com/r/BaltimoreAndDCr4r/comments/7mpj82/25_f4m_20001_ive_never_kissed_a_blond_boy_and_ive/,"Think you can help me? Your pic gets mine, your dick pic gets nothing. Sorry, gotta have standards. Bonus points for literature references and Irish music.

I am 5'6, 25, blonde and slender."
2017-12-23 16:40:25,cindyglass67,33 [F4M] 20707 MWF seeking younger BBC for open NSA live-in boyfriend / master,https://www.reddit.com/r/BaltimoreAndDCr4r/comments/7lonvz/33_f4m_20707_mwf_seeking_younger_bbc_for_open_nsa/,"Looking for younger (18-23) BBC for full-time or part-time live in BBC boyfriend / master / trainer / breeder. Moving cucky hubby to the guestroom. Must be absolutely 100% clean and disease free. Please include direct email address or text # in first response or email cindyglass@mail.com kik cindyglass67 or text 
(585) 496-6169. Willing to cover expenses to relocate right guy.
https://imgur.com/SvvBNAL"
2017-12-20 21:13:52,CollegeGirlSearching,19 [F4M] 20781 - Cute College Girl Looking For Cute College Guy For Gooooood Hookup.,https://www.reddit.com/r/BaltimoreAndDCr4r/comments/7l36ze/19_f4m_20781_cute_college_girl_looking_for_cute/,"Title says all. :) I'm home on break. I live near UMD. Need some good dick.

Your picture gets mine. No older than 23. 420 Friendly.<3 Let's get talking."
2017-12-13 00:50:05,bagel_and_lox,"32/35 [MF4MF] 21043: Chill, fit, clean couple looking for classy, clean, fit couple for ongoing full swap.",https://www.reddit.com/r/BaltimoreAndDCr4r/comments/7je9sq/3235_mf4mf_21043_chill_fit_clean_couple_looking/,"We are a married full-swap couple looking for down-to-earth, fit, DDF couples in their 30's and 40's to play with. We are fit, clean, honest, and classy and have had threesomes and some full swap experience.

The wife is 5'4"", 116 lbs, fit/toned with hourglass figure and bi (likes to play with women), and the husband is 5'7"", 150 lbs, very muscular/athletic and is straight (plays with women only). If you're interested, hit up the wife on KIK at username: hot_bagel. We will be glad to exchange face/body pics with you for verification!"
2017-12-10 08:36:47,bondagesleeps,26/24 [MF4MF] 20847 Holiday Fun,https://www.reddit.com/r/BaltimoreAndDCr4r/comments/7is5ae/2624_mf4mf_20847_holiday_fun/,"We are a young couple in a LDR looking to have some fun with others while we are together during the holiday season. We are easy to get along with and have quite a bit of experience swinging. Some of our favorite things include science, rock climbing, Rick and Morty, and having sex with strangers from the internet. Message us if you're interested so we can get to know you. "
2017-12-02 01:01:25,greentelephone7,22 [F4M] 20847 Grab drinks this/next weekend?,https://www.reddit.com/r/BaltimoreAndDCr4r/comments/7gyge6/22_f4m_20847_grab_drinks_thisnext_weekend/,"It's been a while since I've gone out in DC/DMV area for some drinks. I love checking out the bar scene and exploring new places so if you're interested in going out one night, send me a message! Just looking for something casual. "
2017-11-16 23:24:20,FaceSitTheFacts,35 [F4MF] Looking For a Couple That Will Stuff Me This Thanksgiving!,https://www.reddit.com/r/BaltimoreAndDCr4r/comments/7df7ho/35_f4mf_looking_for_a_couple_that_will_stuff_me/,"**BLUF:**

*Kinky PAWG who will be alone for Thanksgiving wants to fuck and be fucked by a nice couple. *

I'm caucasian, curvy, pale, and very comfortable with both men and women. I live in DC but will travel to NOVA or Southern Maryland for the right invitation.

PM me with your details (and a pic if comfortable)! Thick couples to the front. üòã

PS: No Kik, one liners, or single men!"
2017-11-09 02:54:30,Petloversis,"18 [F4M] Bethesda or silver spring, A girlfriend resume for your consideration!",https://www.reddit.com/r/BaltimoreAndDCr4r/comments/7bphhj/18_f4m_bethesda_or_silver_spring_a_girlfriend/,"Hope the title caught your attention!

Hi, my name is M (it‚Äôs unique, I‚Äôll tell you it as soon as we start messaging haha). I‚Äôm a newly turned 18 year old. 

I attend a really tiny school in silver spring, about ten minutes from downtown. There‚Äôs about 50 kids, and I just don‚Äôt want to date anyone there. BUT, I‚Äôm really lonely and want love.

Thus: I submit my girlfriend resume! 

**Skills**

* cooking 

* baking

* having boobs you can use as a pillow

* not stealing your sweatshirts

* not asking you to pay for me

* expert memer

* smart

**experience**

* that one kid I dated in kindergarten for half a day

**references***

* my friend Sam who thinks I‚Äôm nice

* my teacher who I baked cookies for

* that guy who commented my boobs on Instagram 

* my dogs

**benefits of dating me**

* I will bake you things

* I will respond to texts super fast

* I‚Äôm straightforward 

* I‚Äôm loving

* I‚Äôm pretty nice

**about me**

* pixie cut

* white blond hair

* glasses

* chubby (more to love)

* bad at chemistry

So if any of this appeals to you and you‚Äôre in Maryland message me! I‚Äôm free all night and I‚Äôd love to chat the night away. I‚Äôm willing to give out my number pretty quickly.

Please don‚Äôt message me if you:

* are over 21

* just wanna hook up

* don‚Äôt live near me and don‚Äôt have transport

* aren‚Äôt serious

I‚Äôm really hoping I can find someone, I think I would be a great half of a team and I‚Äôm ready to find my partner :)

Send me some info about you!
"
2017-11-05 02:26:32,,24[FM4F]/ 29[M4F] I want to watch... and play. (maybe it's [F4F]/[MF4MF].. you be the judge),https://www.reddit.com/r/BaltimoreAndDCr4r/comments/7au3d3/24fm4f_29m4f_i_want_to_watch_and_play_maybe_its/,"Hi Everyone!

I'm a 24 year old female in a long distance relationship with 29 year old u/MyNewSecretAcct. We've been doing the long distance thing for awhile and during that time, we have discussed and explored fantasies we want to fulfill. One being, I want to watch someone else enjoy his juicy cock. 

See, I have always craved to watch u/MyNewSecretAcct meet someone out in public while traveling to bring back to his hotel. Ideally, you two would meet at a bar to have a drink or two while chatting before heading back to the room. Once you get back to the room, I would be introduced via Skype. We'd all enjoy a drink together and flirt before anyone, probably me - cant bare it any longer and moves start coming into play. I want you to forget I am even there virtually and let yourself loose while he makes you cum, over and over. The thought of the view,watching him giving it to someone else (you) makes me quite squirmy and I can only imagine how much hotter it would be to actually watch! 

This may not be the most common request here, but just know that we are both super friendly and think this would be just be incredibly hot and fun to not request!

 Please, feel free to contact either one of us to chat and ask questions! We're both more than happy to share pictures too. Honestly, we would love to hear from anyone who is interested in this proposition, whether you're a couple or single lady! Hope to hear from you soon. 

<3 xoxo "
2017-11-01 20:28:13,AnnaAndRay_Targ,27F/30M [MF4MF] Baltimore-Looking for playmates,https://www.reddit.com/r/BaltimoreAndDCr4r/comments/7a4oyp/27f30m_mf4mf_baltimorelooking_for_playmates/,"Newly married couple in the LS for over a new looking for new friends in the Baltimore area. F is 5‚Äô4, 160lbs and 40DDD. M is 5‚Äô10, 190lbs. Both are athletic and energetic lovers. We‚Äôre down for dinner and drinks to talking all things nerdy. No kids (just pets), so we‚Äôre pretty available. Pictures on request. "
2017-10-14 08:59:43,Cccoala,[31F4M/F],https://www.reddit.com/r/BaltimoreAndDCr4r/comments/76a7xr/31f4mf/,"Recently moved back to DC. Live in NOVA and work in MD. Looking for friends, drinks and dinner, outings, eventually relationship. Love theatre, music, museums and exercise. Interested in friendly, type b folks.  Not interested in casual sex at this time. Will share face pics in PM."
2017-09-27 01:17:48,annapolisr4ryup,27 [F4M] Annapolis Area - Anyone want to hang out and watch the Menendez Murders?,https://www.reddit.com/r/BaltimoreAndDCr4r/comments/72nje4/27_f4m_annapolis_area_anyone_want_to_hang_out_and/,"I don't have much going in today and Dick Wolf is God.

I'm not opposed to intimacy if the attraction is there. Send me a PM and picture. Thanks! "
2017-09-26 05:15:28,sassyUnixSlut,[F4M] SUCKSESS! I made the man who couldn't cum drop a sticky load down my throat,https://www.reddit.com/r/BaltimoreAndDCr4r/comments/72h0fw/f4m_sucksess_i_made_the_man_who_couldnt_cum_drop/,"I was in town visiting for a conference from California, and checked out this lovely community when I checked into my hotel to find this misguided fool who tought a skilled mouth couldn't make him cum. We flirted back and forth all week, and I finally decided ""why the hell not"" so I met him for drink Saturday night.

He was shy as all hell at first and I was nervous that he was gonna chicken out, but once he had a beer in his belly, he became the ultimate charmer except for the Godawful puns he kept making.

He had kinda a dad bod which is a little bit of a turn on for me, but when I took him back to my hotel room (I got a little frisky on him in the elevator) and I took his shirt off I realized why my teachers always said never judge a book by it's cover, this man had MUSCLES. Average cock, groomed well enough, but this thing was hard enough to batter down the door.

I did what I always do during a blowjob, and offered him a beer from the minifridge (which he took), and started the stopwatch function on my watch as soon as my lips wrapped around his hard cock.

I didn't think he was gonna last a minute, he was making some genuinely excited noises and wasn't getting softer for sure. I did this for a while, stroking his cock, and taking breaks sometimes to lick his balls. 

At the five minute mark I had asked him a few times to force my head down, but he was too scared to, so I grabbed his hand, put it on the back of my head, and shoved him down my throat. Then he _really_ started getting harder, his cock became alive in my mouth. I kept blowing him, going deep on him from time to time, and became worried he wasn't gonna cum, despite him sounding like he was gonna float to the moon with moans.

I asked him ""when you cum make sure to --""

He interrupted: **""Now""**

He grabbed my head with both hands, gave three thrusts into my mouth, and on the fourth one he gave me the most cum I had ever swallowed in my life. I never thought he'd stop.

14 minutes, 13 seconds. Way slower than usual for me, but his beer was only halfway drank, and he had just cum about 10 gallons, so he at least did the job well.

Any man can cum. They just need a slutty enough girl with good enough skills. Too bad all you East Coast girls made this man think he couldn't cum for 20 some years.

You rock babe. Come to California, and I'll let you fuck my ass."
2017-09-19 23:24:20,werewolf_teeth,"30 [F4M] Laurel, MD - Not good at Tinder, might be better at Reddit. Looking for long term relationship.",https://www.reddit.com/r/BaltimoreAndDCr4r/comments/715f51/30_f4m_laurel_md_not_good_at_tinder_might_be/,"Hello! I've tried finding cool people to date on Reddit before and it actually did work out pretty well. Now that I've gotten to a place where I want to date (it's less of a want, and more of a ""I think this is how the kids are meeting people these days), I figure'd I'd try Reddit again. Tindr/dating apps seem to be really hookup oriented, and that's not my jam. 

About me: I'm 5'6'', female, caucasian, I have short red hair, think fauxhawk or really short pixy cut. I've got a few tattoos and piercings. I make an effort to go to the gym or be active at least a few times a week. I've lost some weight in the last couple of years and have managed to keep it off. I work full time for a third party logistics company near Baltimore. I'm into all manor of things; fishing, camping, drawing, writing, listening to audio books, watching dumb movies and less dumb TV shows, I love tea and I sometimes smoke cigars. I have a few pets of the mammalian variety and a couple of the reptile variety. I tend to solve my problems with words and conversation. I really enjoy spending time with my friends. I'm pretty introverted, which makes dating hard. It's honestly the small talk that gets me. I'd rather be having conversations about what your childhood was like, or what you think is going on in the universe. I'm not into the thing that's in the white house, and I'm not particularly into religion or faith. In the bedroom, I like it a little rowdy (maybe more than a little...). I love puns, and dad jokes. I've got a pretty morbid sense of humor. If you watch Rick and Morty we'll probably get along. I occasionally consume alcohol, and weed. 

Looking for: long term relationship. I've dated a few people, one for almost a decade. Others for much shorter time frames. I'm really at a point in my life where I'd love to find a compatible life partner. Someone who is looking for a partner to eventually marry. Someone who helps me better myself, and I help better them. New experiences, adventures, foods, and spending of time together. Someone who can adult, at least to my level (I've got a job, pay my bills on time and can schedule things). Ideally, you're a guy who also occasionally hits the gym. I've always had a thing for guys who are my height or a little taller and are slender or have dad-bods, and well trimmed beards. That definitely isn't the only thing I'm into but as my friends would say ""You've got a type."" Similar in age to myself, around mid 30s. I've never been married, or had kids, and my ideal situation would have prospective partners be the same way. I don't care as much about past marriages as long as you're actually available (read: fully divorced and interested in dating again), but I've dated guys with kids in the past and after careful thought I don't think that situation is something I'm open to at this time. Please be local, or at least reasonable driving distance. I've done long distance before and it's not for me.

If this sounds like something that could be up your alley, please send me a (G rated) picture, of I think you're hot, I'll send one back, no pressure on the response past that. I know that attraction is a really person-specific thing. 

If you aren't sure what to say in a message, don't worry, I have prompts.  What's your favorite color? Or what's your favorite season? :)  

Thanks for taking the time to read this. 
"
2017-09-17 07:09:03,WhyIsARavenLikeA,25 [F4M] Looking for a FWB around Capitol Hill Area,https://www.reddit.com/r/BaltimoreAndDCr4r/comments/70l8ay/25_f4m_looking_for_a_fwb_around_capitol_hill_area/,"I've tried the apps and stuff and figured why not here - 25, 5'3"", white, blue eyes and atheletic build. Looking for a FWB - ages 21-35, white, down to hang out. Let's exchange pics and get to know each other :)"
2017-08-21 05:43:02,rhodiahippeas,26 [F4M] Looking for regular playmate,https://www.reddit.com/r/BaltimoreAndDCr4r/comments/6uztag/26_f4m_looking_for_regular_playmate/,"Not much is different from my first post in this sub 6 months ago, except I've discovered my penchant for casual fun. Short, chubby, loves to ride. Having my neck sucked will turn me on instantly, and will probably induce some whimpery noises. I have a pretty face and a pixie haircut. See my post history for a quality RAOMD success story.

* my personal policy is to meet first to gauge chemistry, then schedule a second meeting for playtime.
* must be able to host, preferably at a hotel or other neutral location for a first romp.
* open to couples/women, but fair warning that's uncharted territory for me.
* D/DF required.
* SFW pictures will get priority. That, and well-written and respectful messages."
2017-08-03 21:15:05,throwawayDCcouple,33 [MF4MF] [MF4M] [MF4F]#DC Couple CMT/Sensual Massage fantasy,https://www.reddit.com/r/BaltimoreAndDCr4r/comments/6rdt67/33_mf4mf_mf4m_mf4fdc_couple_cmtsensual_massage/,"The wife has recently opened up to the idea of adding a third or fourth. She expressed a four hands massage/sensual massage would be the first step for her to get comfortable, so there will be some easing into it. It might just start as a sensual couples massage -- soft swing scenario. We can figure out details based on response and chemistry. 

We are in no rush, so we would first need to get together to see if we gel.

About us: easy going, early 30‚Äôs, professional latino couple. Very discreet. We‚Äôre in decent shape but far from models. We are in DC, but can travel in the area. Ideally you have access to a studio, or you can host. We have visited lifestyle clubs but never engaged. Married for four years but together longer. D&DF.

Him:5‚Äô9,  stocky/weight lifting type, uncut, average. Straight.
Her: 5‚Äô0, 125lbs, milf, shy and reserved but naughty once she gets into it. Potentially bi-curious. 

We both enjoy a few drinks, but no drugs, although he‚Äôs cannabis friendly.

What we are looking for: someone that is a CMT, or has experience in massage therapy, or a couple that has a similar fantasy. Fairly close to our age range, outgoing and easygoing. As this is our first experience, patient person or couple that share our appreciation for discretion. Average size guys get preference; we‚Äôll most likely add larger sizes later based on her preference. 

PM and we can go from there to kik if necessary. No dick pics please. That can be discussed if when we get there.
"
2017-07-30 21:35:35,annapolisr4ryup,27 [F4M] Annapolis - FWB in the area,https://www.reddit.com/r/BaltimoreAndDCr4r/comments/6qinc3/27_f4m_annapolis_fwb_in_the_area/,"Pretty face, mixed race, kinda over weight/mom bod. 5'4 160


You: Totally into white guys. Dad bods are <3 I'm not particularly into skinny guys and no drugs. Clean cut is really sexy.


I'm pretty vanilla honestly. Not giving oral to a stranger nor am I looking for it but I'd be open to giving eventually depending on how things are going. I probably lean towards more passionate sex, dom/sub stuff is way too much for me but I love natural masculinity.


I'm looking for a regular thing. I usually work late so 11-12 PM would be an ideal time.

PM me SFW pictures, rough location, living situation (I can't host), availability (time and frequency) and I'll get back to you.


**I'm going to add some emphasis on the friendship part too. We don't have to go out but I'd like watch movies, hang out, board games, sleepovers, etc."
2017-07-21 21:27:41,shadybaby22,[F4M/F] Arlington early/mid 20's for bar hopping/dancing,https://www.reddit.com/r/BaltimoreAndDCr4r/comments/6opf2p/f4mf_arlington_earlymid_20s_for_bar_hoppingdancing/,I love going out on weekend nights to dance and hang out at bars. Since I moved down I've wanted to find some people in the area to go with! I'm super chill and up for almost anything (420 friendly!) almost anywhere. Let me know when you're free and what you like to do!
2017-07-15 20:38:00,ticktockcroc0916,25 [F4M] United game?,https://www.reddit.com/r/BaltimoreAndDCr4r/comments/6ngvag/25_f4m_united_game/,"Hey ya'll I'm from Delaware and I had tickets for the D.C. United game next Saturday for a friend and myself. My friend had an emergency come up and cannot go. 

I am looking to see if there is anyone I would want to potentially meet up with at the game. 

Sorry if I sound totally uncool and boring but I'm literally the worst at trying to introduce myself in some long message. "
2017-07-10 21:14:39,purplemangoo,"26 [F4M] Northern VA - Married and poly, looking for a boyfriend",https://www.reddit.com/r/BaltimoreAndDCr4r/comments/6mfuqy/26_f4m_northern_va_married_and_poly_looking_for_a/,"I'm looking for a meaningful relationship independent of my marriage. I'm polyamorous and in an open marriage, but no, my husband doesn't want to be involved or watch. He gives me as much freedom/privacy as I need, our time is our time. I value intimacy and reciprocity a bit too much for casual encounters or friends with benefits. I've met a lot a guys who are seemingly open to the idea of dating a married woman, but ultimately don't want to get too close or put in the effort/time for a relationship - I get it, but it's exhausting. So I'm putting that all out there in hopes someone is actually interested in polyamory or being in a long-term relationship with a married woman. I want a relationship, not just sex.

Wanna know something funny? I used to be a writer, but now I find it difficult to communicate through text. Maybe it's because I'm starting to find texting less organic, more sterile, and extremely scripted. Maybe it's because I crave intimacy that only face to face interactions can provide. Or maybe I'm lazy or think too much. Long story short, I'd want get to know you over dinner sooner rather than later. (Okay, I'm realizing that wasn't funny. Ironic, sad, or maybe in this case advantageous?)

I like men who are intellectually stimulating, passionate about their interests, open-minded, and nerdy. I like finding out what makes a man tick and I'm a big pleaser, so communication is key. Ideally you‚Äôre over 25 and not living at home, but NoVA‚Äôs expensive so I get it. I don't have any height/weight/race requirements, but just know I'm attractive, 5‚Äô9‚Äù, plus-size, and proportional. Hopefully you can get behind that. ;)

As for me, I guess I'm your stereotypical nerd with way too many interests. The whole, ""jack of all trades, master of none"" plight. I have an overwhelming backlog of video games, books, and comics, way too many cosplay and art project ideas, and a penchant for picking up new hobbies - dance is my latest and homebrewing mead may be next. I also enjoy all things horror/macabre, cringy (I still watch re-runs of To Catch a Predator on YouTube), kink, and sci-fi/fantasy related. These genres are pretty pervasive throughout my interests/hobbies. Maybe our interests mesh? Or maybe we'll help each other explore something new?

So, are you interested? Want to get to know each other? If so, send a PM my way and be sure to include a little about yourself, what you‚Äôre looking for, and a photo of yourself if you‚Äôre brave. :P If not, thanks for reading. :)"
2017-06-23 02:20:06,wewantitbig,[26MF4M] Need a hung guy for some fun,https://www.reddit.com/r/BaltimoreAndDCr4r/comments/6iwzs8/26mf4m_need_a_hung_guy_for_some_fun/,"Hey Baltimore. We are a Baltimore couple looking for a hung guy to help us. Looking for around 7"" and someone around our age (21-30). No couples please. If interested, send a message via Reddit and we will give kiks to trade pictures. If you already have pictures, send them! More elaborate messages will get more attention. ALSO, if you aren't alright with the guy touching you, don't reply, he wants to experiment too. "
2017-06-16 07:00:51,YoungDCLawyer,[MF4MF/M] 24/23 yo couple looking for another couple or a bull,https://www.reddit.com/r/BaltimoreAndDCr4r/comments/6hjxmw/mf4mfm_2423_yo_couple_looking_for_another_couple/,"My girlfriend is visiting for a week around 4th of July. We are looking for either a couple to swap/swing/play with or a bull for her to enjoy. Please be DDF and able to host. 
About my girlfriend: she's Asian, 23, 5'0 and 95 lbs. She's very tiny and cute but loves to be treated rough. I'm 24, white, 6'0 and 200 lbs. If you're looking to be a bull, I'm not interested in being involved: just you and her or a MFM. 
Tell me a bit about yourself, your experience, and whether you can host. Am more likely to respond to well thought out posts with pictures. "
2017-06-16 06:13:34,mochatini,21 [F4M] Black girl looking for a summer FWB. DC proper.,https://www.reddit.com/r/BaltimoreAndDCr4r/comments/6hjp5m/21_f4m_black_girl_looking_for_a_summer_fwb_dc/,"Me: black college student, 5'9"" 145lbs (semi-athletic). I like to dance and work out 3 times a week. Most of my weight is on the thigh/ass area so boob lovers beware. I'm working with a B cup here. It's something I've come to terms with.

You: 18-30. Discrete. Preferably a man of color (black, latin, asian, arab, mixed etc) but white guys with dark features are okay too. Average or athletic or slim build. I think short guys are cute. Height is not super important to me but just give me a heads up. Long hair/dreads are okay. Hygiene is very important!

I take care of myself and expect the same.

Looking for a potential summer fwb. Preference for someone who can host. Although I have my own room, the walls are thin. While I do find joy in sex and come very close, I have never come with a partner. Hoping some one out there is patient for me. I *love* to please as well.

Let's exchange kiks, pics, and meet up on Saturday :)"
2017-06-07 15:52:37,Tw11341134,[MF4MF/F/M] Baltimore and Surrounding Areas,https://www.reddit.com/r/BaltimoreAndDCr4r/comments/6fsx8z/mf4mffm_baltimore_and_surrounding_areas/,"Hello! Established couple looking for another couple, single female or single male for play. We would ideally like to establish a poly relationship but will also entertain casual play partners. We are looking for bi individuals as we both like to play with the same sex. We are drug and disease free. 

Ideally we would start off chatting and see how we click. Once we are comfortable, we can meetup for dinner and drinks then head to the bedroom for a night of fun. 

She is a curvy woman with perky breasts and a delicious pussy. He is average build with a nice thick cock. We are working professionals that are friendly and welcoming to people new to this type of play. 

If interested, please shoot us a PM and tell us a bit about yourselves. Pics are welcome as well if you are comfortable sending. 

Please be open to same sex play. He is a top but can be vers with the right person.  We would love to establish an ongoing relationship. 

"
2017-06-02 18:14:37,_DMV_Throwaway_,35 [F4M] Southeast DC Area,https://www.reddit.com/r/BaltimoreAndDCr4r/comments/6eumkr/35_f4m_southeast_dc_area/,"X-posted to dirtyr4r

In town next week. Looking for an attractive, fit, educated, horny guy to chat with over the next couple of days and potentially meet next week. Must be d&d free and a kik user. Prefer ages 28 to 42. Messages without a pic will be ignored.  Look forward to hearing from you!"
2017-05-19 17:27:25,Discrete9919,"30F, 31M [MF4MF][MF4F][F4F] #NOVA #CULPEPER - Looking to expand our horizons",https://www.reddit.com/r/BaltimoreAndDCr4r/comments/6c3mbz/30f_31m_mf4mfmf4ff4f_nova_culpeper_looking_to/,"Hello! To start right off, there are a few fantasies my husband and I would like to see fulfilled if possible. The first being to have me be with another woman for the first time, with or without him present. The other is to experience a threesome with another woman or have some fun with a couple. 


He is 5‚Äô11‚Äù, 165 lbs and 31 yrs old. She is 5‚Äô10‚Äù, 140 lbs, and 30 years old. Both are average slim build. DDF but 420 friendly. We are a very happily married couple and are looking for more of a FWB situation. Regardless of what happens we believe a connection is important and would like to at least walk away with friendship. 


Will trade pics for pics. Message for Kik name. Looking forward to chatting and possibly more!"
2017-05-19 02:26:49,OurHane,[M/F4M or M/F] Hunt Valley MD DMV - Saturday afternoon,https://www.reddit.com/r/BaltimoreAndDCr4r/comments/6bzmmt/mf4m_or_mf_hunt_valley_md_dmv_saturday_afternoon/,"First off - this is a throwaway... we will be happy to provide any info you need and pix if the situation progresses! We will be in the Baltimore area on Saturday - away from kids, etc. Looking to have a 'sexfest' in our hotel all Saturday afternoon. What does that mean for you? We want one guy or even better yet, a couple to join us for a few hours of fun.
Because timing is short, I will cut to the chase....

You MUST be the following: Fun. Great attitude. Able to hold a conversation. HWP. Between 30 and 45. Able to perform. Disease/Drug free (420 ok). Willing to send a non-NSFW pic. SAFETY FIRST.

We are educated, pretty fit, attractive and in our 40's - (she is on the low end he is on the high end) We have some experience but this is our first try at something like this. Sorry for all of the ground rules - but it is what it is.

We hope to hear from you and I will be letting him see everything you send. Be polite!

Dick pix immediately eliminated.

Couples go to the top... she is not 'bi' but willing to try. He is straight.
"
2017-05-12 07:22:29,twobarsthreestars,26 [F4M] Taking new applications for new cuddle partners and foodie friends,https://www.reddit.com/r/BaltimoreAndDCr4r/comments/6aoyf8/26_f4m_taking_new_applications_for_new_cuddle/,"Must enjoy cuddling****, movies in bed, napping, pizza eating****. 


Moved to DC a few years ago after college, work at a startup and lately find myself just working and making excuses to not go meet new people, where do I go to meet you?


 I miss feeling a genuine connection with another person. Lets grab a drink, or brunch at a new spot this week and see where things go?  Tell me a corny joke. I'm in DC and looking for the same, or if you're in NoVA and want to go to the Block with me. :D  and in my age range but if your words impress me, lets talk. What are you waiting for?


*with possible kissing and other things

** also looking for just pizza/beer eating/drinking partners"
2017-05-11 00:03:45,CuriouslyGeeky,[MFMFMFMF4MF] Geeky orgy recruitment for downtown DC May 27th,https://www.reddit.com/r/BaltimoreAndDCr4r/comments/6af8kl/mfmfmfmf4mf_geeky_orgy_recruitment_for_downtown/,"The DC Redditor Orgy (DCRO) is a group for flirty fun and nerdy naughtiness. If you‚Äôve ever wrestled with the decision to keep giving oral, or lift your head to chime in with an amazing joke, this is the crowd for you. We‚Äôre recruiting for our May 27th orgy to be held at a nice Washington, DC hotel. 

We drink, we play games (with prizes!), we flirt, and we fuck -- and all the while, we‚Äôre having amazing conversations about all the great geekiness you‚Äôd expect from a bunch of Redditors. DCRO is a safe place to explore and enjoy group sex, for people of all body types, orientations, and genders. We‚Äôre looking for people from 21 to 35 who are fastidious about their sexual health, careful about obtaining consent, and interested in contributing to a low-pressure, titillating atmosphere. At this time, we‚Äôre not accepting new applications from single males, but are very eager to meet new couples and single ladies. 

Please message me (Kristen, 28F) or comment here with your contact info (Kik, Google hangouts, etc.) to learn more about our group. We‚Äôll chat a bit and see if you‚Äôre a good fit for our next event; please be prepared to talk about your level of experience in the lifestyle, your safe sex practices, and your hobbies or interests, as well as provide some verification before you‚Äôre invited to our Google+ group. "
2017-04-21 06:19:36,candychokernecklace,27 [F4M] - Baltimore - somewhere out there...,https://www.reddit.com/r/BaltimoreAndDCr4r/comments/66mftk/27_f4m_baltimore_somewhere_out_there/,"Hi, Baltimore. I'm intelligent, attractive, healthy, active, and have a great career. I'd really love to find someone I can be open and vulnerable with (especially on stormy nights like this), but not just for one night. I'm in a great spot in life, and I'd like someone to share it with.

To be clear, I'm not looking for a friend with benefits situation or anything remotely like it. I'm very specifically looking for a significant other who craves the same intensity that I do."
2017-04-16 08:27:26,Gal-timore,26 [MF4M/F] Baltimore couple looking to experiment,https://www.reddit.com/r/BaltimoreAndDCr4r/comments/65nfkl/26_mf4mf_baltimore_couple_looking_to_experiment/,"We are a married couple looking to experiment with one other. He is a white male about 5,10 average build and I am a 5'4 Asian female. We are interested in a guy or girl. We can host.

Some specifics we are looking for:
For the female; I want to experiment with you. The husband does not have to be involved with you if you don't want it. I this is more for me to enjoy and him to watch. 
For males; we want a hung bicurious male. We were thinking around 6.5"" or bigger but we won't pull out the measuring tape. This will be involve all of us and trying things out. 

If you are interested, send a message and we can exchange kik. We prefer a G rated photo. For couples, we can talk and see if it works. Lastly, please let us know if you want a hook up or if you are more comfortable with getting to know each other. "
2017-04-07 23:39:54,GreedySlut,25 [F4M/MM] Deepthroat Training (x-post from /r/RandomActsOfBlowjob) NSFW,https://www.reddit.com/r/BaltimoreAndDCr4r/comments/642n0c/25_f4mmm_deepthroat_training_xpost_from/,"I'm just a slutty girl looking to practice her deepthroating skills after getting out of a relationship with someone who wasn't a challenge. I was once widely known for my BJ expertise in the sex party world.

Like Liz Phair, I just want to be your blowjob queen.

Me: Busty (F/G cup) HWP Redhead

You: Hung, well-groomed, articulate, and able to host

Bring a friend with similar qualifications for bonus points. Open to other play if it feels right."
2017-04-06 02:53:41,mausbarr,21 [F4M] Baltimore - Looking for someone to satisfy my DD/lg kink,https://www.reddit.com/r/BaltimoreAndDCr4r/comments/63p2qv/21_f4m_baltimore_looking_for_someone_to_satisfy/,"So, the title is pretty self-explanatory. I'm a 21 year old student in the Baltimore area looking for a guy to help satisfy my DD/lg cravings. Ideally I'm looking for friends with benefits, maybe something more. Really anything other than just a one time hook up. Normally I wouldn't think to post on Reddit, but I'm not having much luck with more traditional dating methods haha. A little bit about me, I'm short with black hair and green eyes, fat but decently proportional, and I consider myself to be pretty cute. I'm very experienced with BDSM and kink as well, so it would be great if you would be the same :)"
2017-03-28 06:20:45,alexandria-va-orgy,"MF4MF/F- Couples Party (and unicorns) in Alexandria, VA interest",https://www.reddit.com/r/BaltimoreAndDCr4r/comments/61woba/mf4mff_couples_party_and_unicorns_in_alexandria/,"Redditors.  In the spirit of the DCRO, I am looking to set up an Alexandria orgy, couples party (and of course single women).

My apologies for those who saw the post on swingersr4r, but I forgot about half the couples were already committed to another party.

I am just trying to get a gauge of who would be interested.  Feel free to both reply or PM."
2017-03-01 22:01:12,groupfunDC,24/22 [MF4MF] DC Couple Looking for Group Fun?,https://www.reddit.com/r/BaltimoreAndDCr4r/comments/5wxy26/2422_mf4mf_dc_couple_looking_for_group_fun/,"Bit about us: we're both fit young professionals, bisexual/hetero flexible looking for likeminded friends/couples. 

Her: Tall, skinny, bookworm, former competitive figure skater, and internationally educated.
Him: Athletic, super outgoing, cooks, and loves to travel.

We're open to either group play with everyone involved with everyone or same room play/exhibitionist.  Does that sound like what you're looking for?  Shoot us a PM!

What's not a good fit? Couples just looking to swap, not our bag, we like everyone to play with everyone!

We're definitely big about getting to know people first so if this might be a good fit it'd be great to chat sometime and grab a drink in NW DC (no car so metro accessible only).

If it sounds good let us know, we can chat either over email or Kik and if you're comfortable we're happy to exchange photos (no pressure or hard feelings)."
2017-02-22 05:13:14,groupfunDC,"24/22 [MF4MF] DC, couple looking for group fun!",https://www.reddit.com/r/BaltimoreAndDCr4r/comments/5vfy6m/2422_mf4mf_dc_couple_looking_for_group_fun/,"Bit about us: we're both fit young professionals, bisexual/hetero flexible looking for likeminded friends/couples. 

Her: Tall, skinny, bookworm, former competitive figure skater, and internationally educated.
Him: Athletic, super outgoing, cooks, and loves to travel.

We're open to either group play with everyone involved with everyone or same room play/exhibitionist.  Does that sound like what you're looking for?  Shoot us a PM!

What's not a good fit? Couples just looking to swap, not our bag, we like everyone to play with everyone!

We're definitely big about getting to know people first so if this might be a good fit it'd be great to chat sometime and grab a drink in NW DC (no car so metro accessible only).

If it sounds good let us know, we can chat either over email or Kik and if you're comfortable we're happy to exchange photos (no pressure or hard feelings)."
2017-02-15 10:14:31,fringedivision69,"24/27 (MF4MF) looking for some open-minded friends, Maryland",https://www.reddit.com/r/BaltimoreAndDCr4r/comments/5u615k/2427_mf4mf_looking_for_some_openminded_friends/,"Are you looking for friends that are pretty diverse? Want to also have some fun with them? Well come on in and meet us! We are an open couple that are interested in meeting new people with similar hobbies and making friends. We would of course hope that that would lead to fun times in the bedroom and anywhere else! 

We both love playing board games like Talisman, but one loves going out dancing and the other loves Magic tournaments. Being out in nature is wonderful but also having movie nights where we are all crawled up near the fireplace with blankets is great too. Barhopping, road trips, debates about the world, etc, etc, etc!
He is a bearded, blue eyed gentleman and I'm a curvy ebony chick. 

If you want to know more, hit us up!!! :) (non-official couples and friends with benefits are also welcome)

P.S.: bonus points for those that loveeee anime"
2017-02-09 02:04:53,Jeffreyspruce,31/29 [MF4MF] Northern Virginia,https://www.reddit.com/r/BaltimoreAndDCr4r/comments/5sw8gl/3129_mf4mf_northern_virginia/,My girlfriend and I are looking for a couple to be friends and have fun with in and out of the bedroom. We are both very athletic and looking for another couple that is the same. We are looking for full swap either same room or separate. We want everyone involved to be comfortable. If interested please feel free to message me.
2017-02-08 08:46:12,,"24 (F4M) Hold Me, Thrill Me, Kiss Me (MD)",https://www.reddit.com/r/BaltimoreAndDCr4r/comments/5sqy47/24_f4m_hold_me_thrill_me_kiss_me_md/,"I want that crazy infatuation and lust again! That passionate kiss that you can't get out of your head for weeks. The conversations that seem like a new groundbreaking discovery. Say something to me more than ""I'm a good man"" or ""I will love you better than anyone else"". Show me, get me excited!! 

You can even talk to me about your fantasies. I love talking about that and comparing notes. Talk to me about the people you hate or the grand dreams you have. Tell me about your ambitions and your regrets. 

I'm a 24 year old student. Currently have purple braids but will be switching to burgundy. Ebony and curvy- not the deceitful curvy- with a mixture of accents as I was not born in the US! I love anime, sci fi, fantasy, movies, shows, books, martial arts, and learning something new. I'm an open book. 

I'm not in a relationship anymore.
Ask me questions that you were always afraid of asking your friends or your ex. I won't run away. 

Who knows...you might find what you've been searching for..."
2017-02-05 17:08:53,Polydcthrow,38 [F4M] DC open/poly/nonmonogamous relationship,https://www.reddit.com/r/BaltimoreAndDCr4r/comments/5s7j0c/38_f4m_dc_openpolynonmonogamous_relationship/,"Adorably sexy (or so I've been told) progressive/liberal woman who loves to travel seeks a cute, clean cut guy who is interested in ethically nonmonogamous relationships. More info about me and a pic once you send a message. 

Edited to add: not looking for something casual or NSA "
2017-02-01 19:33:33,rhodiahippeas,25 [F4M] Looking to enter the world of casual sex,https://www.reddit.com/r/BaltimoreAndDCr4r/comments/5rgh3k/25_f4m_looking_to_enter_the_world_of_casual_sex/,"Short, chubby, loves to ride. I have a pretty face and short hair. It's been a dry spell of a few months, which is far too long. Looking for dirty chat mates and possibly a fuck buddy.

* must be able to host, preferably at a hotel or other neutral location
* D/DF required, I'll be much happier if you've been recently tested and have the paperwork to prove it.
* I like thick cocks, although let's get real here--I'll forgive anything if you like going down on women.
* Not particularly submissive, but I love being manhandled.
* pictures will get my attention-- though not necessarily dick pics.
* don't be rude."
2017-01-29 22:27:45,2BoredinMD,32/30 [MF4MF] Looking for new friends,https://www.reddit.com/r/BaltimoreAndDCr4r/comments/5qvjvv/3230_mf4mf_looking_for_new_friends/,"Hey all!

My wife and I are looking for new friends to spend time with. We have a group of close-knit friends, but they are busy a lot of time with other friends. So we are looking to expand out our social circle.

We are locate between Baltimore and DC, but are willing to travel for good company. We like movies, drinking (though she can't right now), going out to new places, playing games, and just generally having a good time. In case you are wondering, we are not looking to swing, though we don't care if you do. 

Feel free to PM me and tell me about yourselves and what you are looking for in new friends as well. We also have Kik if it gets that far. =)"
